biosample	sampleName	sampleCategory
BSS00038	adipocyte	Adipose
BSS01670	subcutaneous_adipose_tissue_female_adult_(51_year)	Adipose
BSS00043	adipose_tissue_male_adult_(34_years)	Adipose
BSS01671	subcutaneous_adipose_tissue_female_adult_(53_years)	Adipose
BSS01665	subcutaneous_abdominal_adipose_tissue_nuclear_fraction_female_adult_(25_years)	Adipose
BSS01666	subcutaneous_abdominal_adipose_tissue_nuclear_fraction_female_adult_(41_year)	Adipose
BSS01668	subcutaneous_abdominal_adipose_tissue_nuclear_fraction_female_adult_(59_years)	Adipose
BSS01669	subcutaneous_abdominal_adipose_tissue_nuclear_fraction_female_adult_(81_year)	Adipose
BSS01667	subcutaneous_abdominal_adipose_tissue_nuclear_fraction_female_adult_(49_years)	Adipose
BSS01394	omental_fat_pad_female_adult_(53_years)	Adipose
BSS01395	omental_fat_pad_male_adult_(37_years)	Adipose
BSS01396	omental_fat_pad_male_adult_(54_years)	Adipose
BSS01393	omental_fat_pad_female_adult_(51_year)	Adipose
BSS00188	CD4-positive,_alpha-beta_T_cell_female_adult_(33_years)	Blood & T-cell
BSS00185	CD4-positive,_alpha-beta_memory_T_cell_originated_from_blood_cell	Blood & T-cell
BSS00189	CD4-positive,_alpha-beta_T_cell_male_adult_(21_year)	Blood & T-cell
BSS00190	CD4-positive,_alpha-beta_T_cell_male_adult_(37_years)	Blood & T-cell
BSS00183	CD4-positive,_alpha-beta_memory_T_cell	Blood & T-cell
BSS00186	CD4-positive,_alpha-beta_T_cell	Blood & T-cell
BSS00191	CD4-positive,_alpha-beta_T_cell_treated_with_phorbol_13-acetate_12-myristate_,_ionomycin	Blood & T-cell
BSS00192	CD4-positive,_CD25-positive,_alpha-beta_regulatory_T_cell	Blood & T-cell
BSS00274	effector_memory_CD4-positive,_alpha-beta_T_cell	Blood & T-cell
BSS00195	CD8-positive,_alpha-beta_T_cell_female_adult_(33_years)	Blood & T-cell
BSS00196	CD8-positive,_alpha-beta_T_cell_female_adult_(34_years)	Blood & T-cell
BSS00198	CD8-positive,_alpha-beta_T_cell_male_adult_(28_years)	Blood & T-cell
BSS00200	CD8-positive,_alpha-beta_T_cell_male_adult_(37_years)	Blood & T-cell
BSS00193	CD8-positive,_alpha-beta_memory_T_cell	Blood & T-cell
BSS00194	CD8-positive,_alpha-beta_T_cell	Blood & T-cell
BSS00197	CD8-positive,_alpha-beta_T_cell_male_adult_(21_year)	Blood & T-cell
BSS01420	peripheral_blood_mononuclear_cell_male_adult_(27_years)	Blood & T-cell
BSS01421	peripheral_blood_mononuclear_cell_male_adult_(28_years)	Blood & T-cell
BSS01279	mononuclear_cell_male	Blood & T-cell
BSS01419	peripheral_blood_mononuclear_cell_female_adult_(28_years)	Blood & T-cell
BSS01423	peripheral_blood_mononuclear_cell_male_adult_(32_years)	Blood & T-cell
BSS01424	peripheral_blood_mononuclear_cell_male_adult_(39_years)	Blood & T-cell
BSS01347	naive_thymus-derived_CD4-positive,_alpha-beta_T_cell_female_adult_(35_years)	Blood & T-cell
BSS01348	naive_thymus-derived_CD4-positive,_alpha-beta_T_cell_male_adult_(26_years)	Blood & T-cell
BSS01346	naive_thymus-derived_CD4-positive,_alpha-beta_T_cell	Blood & T-cell
BSS01688	T-cell_male_adult_(36_years)	Blood & T-cell
BSS01687	T-cell_male_adult_(21_year)	Blood & T-cell
BSS01689	T-cell_male_adult_(37_years)	Blood & T-cell
BSS01684	T-cell	Blood & T-cell
BSS01691	T-helper_1_cell_female_adult_(26_years)	Blood & T-cell
BSS01692	T-helper_1_cell_male_adult_(33_years)	Blood & T-cell
BSS01690	T-helper_1_cell	Blood & T-cell
BSS01693	T-helper_17_cell	Blood & T-cell
BSS01694	T-helper_17_cell_originated_from_blood_cell	Blood & T-cell
BSS01695	T-helper_17_cell_treated_with_phorbol_13-acetate_12-myristate_,_ionomycin	Blood & T-cell
BSS01697	T-helper_2_cell_female_adult_(26_years)	Blood & T-cell
BSS01698	T-helper_2_cell_male_adult_(33_years)	Blood & T-cell
BSS01696	T-helper_2_cell	Blood & T-cell
BSS01478	regulatory_T_cell_female_adult_(35_years)	Blood & T-cell
BSS01479	regulatory_T_cell_male_adult_(28_years)	Blood & T-cell
BSS01480	regulatory_T_cell_originated_from_blood_cell	Blood & T-cell
BSS00084	arm_bone_male_embryo_(81_day)	Bone
BSS00330	femur_female_embryo_(98_days)	Bone
BSS01154	leg_bone_male_embryo_(81_day)	Bone
BSS00705	HS-5	Bone
BSS01397	osteoblast	Bone
BSS00071	Ammon_s_horn_male_adult_(84_years)	Brain
BSS00077	angular_gyrus_female_adult_(75_years)	Brain
BSS00078	angular_gyrus_male_adult_(81_year)	Brain
BSS00089	astrocyte	Brain
BSS00090	astrocyte_of_the_cerebellum	Brain
BSS00091	astrocyte_of_the_hippocampus	Brain
BSS00092	astrocyte_of_the_spinal_cord	Brain
BSS00135	brain_female_embryo_(85_days)	Brain
BSS00136	brain_female_embryo_(96_days)	Brain
BSS00129	brain_female_embryo_(105_days)	Brain
BSS00130	brain_female_embryo_(109_days)	Brain
BSS00131	brain_female_embryo_(117_days)	Brain
BSS00133	brain_female_embryo_(142_days)	Brain
BSS00138	brain_male_embryo_(101_day)	Brain
BSS00139	brain_male_embryo_(104_days)	Brain
BSS00140	brain_male_embryo_(105_days)	Brain
BSS00142	brain_male_embryo_(72_days)_and_male_embryo_(76_days)	Brain
BSS00126	brain_embryo_(56_days)_and_male_embryo_(58_days)	Brain
BSS00127	brain_embryo_(80_days)	Brain
BSS00125	brain_embryo_(112_days)	Brain
BSS00132	brain_female_embryo_(120_days)	Brain
BSS00134	brain_female_embryo_(17_weeks)	Brain
BSS00141	brain_male_embryo_(122_days)	Brain
BSS00174	caudate_nucleus_male_adult_(78_years)	Brain
BSS00175	caudate_nucleus_male_adult_(81_year)	Brain
BSS00173	caudate_nucleus_female_adult_(75_years)	Brain
BSS00201	cerebellar_cortex_male_adult_(78_years)_and_male_adult_(84_years)	Brain
BSS00205	cerebellum_male_adult_(20_years)	Brain
BSS00207	cerebellum_male_adult_(53_years)	Brain
BSS00206	cerebellum_male_adult_(27_years)_and_male_adult_(35_years)	Brain
BSS00219	cingulate_gyrus_female_adult_(75_years)	Brain
BSS00220	cingulate_gyrus_male_adult_(81_year)	Brain
BSS00369	frontal_cortex_female_adult_(67_years)_and_female_adult_(80_years)	Brain
BSS00371	frontal_cortex_male_adult_(27_years)_and_male_adult_(35_years)	Brain
BSS00385	germinal_matrix_male_embryo_(20_weeks)	Brain
BSS00386	globus_pallidus_male_adult_(78_years)_and_male_adult_(84_years)	Brain
BSS01125	layer_of_hippocampus_male_adult_(73_years)	Brain
BSS01126	layer_of_hippocampus_male_adult_(81_year)	Brain
BSS01124	layer_of_hippocampus_female_adult_(75_years)	Brain
BSS00729	inferior_parietal_cortex_male_adult_(84_years)	Brain
BSS01250	medulla_oblongata_male_adult_(78_years)_and_male_adult_(84_years)	Brain
BSS01270	midbrain_male_adult_(78_years)_and_male_adult_(84_years)	Brain
BSS01271	middle_frontal_area_46_female_adult_(75_years)	Brain
BSS01272	middle_frontal_area_46_male_adult_(81_year)	Brain
BSS01273	middle_frontal_gyrus_male_adult_(78_years)	Brain
BSS01388	occipital_lobe_male_adult_(84_years)	Brain
BSS01451	pons_male_adult_(78_years)	Brain
BSS01452	posterior_cingulate_cortex_male_adult_(20_years)	Brain
BSS01469	putamen_male_adult_(78_years)	Brain
BSS01675	substantia_nigra_female_adult_(75_years)	Brain
BSS01676	substantia_nigra_male_adult_(81_year)	Brain
BSS01677	superior_temporal_gyrus_male_adult_(84_years)	Brain
BSS01714	temporal_lobe_male_adult_(81_year)	Brain
BSS01712	temporal_lobe_female_adult_(75_years)	Brain
BSS01105	KOPT-K1	Cancer
BSS00267	DND-41	Cancer
BSS01178	Loucy	Cancer
BSS01267	MG63	Cancer
BSS01550	SJSA1	Cancer
BSS00246	Daoy	Cancer
BSS01208	M059J	Cancer
BSS00004	A172	Cancer
BSS00482	H54	Cancer
BSS01251	medulloblastoma	Cancer
BSS01554	SK-N-DZ	Cancer
BSS01558	SK-N-DZ_treated_with_dimethyl_sulfoxide_for_72_hours	Cancer
BSS00102	BE2C	Cancer
BSS01571	SK-N-SH_treated_with_6_mM_all-trans-retinoic_acid_for_48_hours	Cancer
BSS01562	SK-N-SH	Cancer
BSS01559	SK-N-MC	Cancer
BSS00481	H4	Cancer
BSS01535	RKO	Cancer
BSS01682	SW480	Cancer
BSS00708	HT-29	Cancer
BSS01179	LoVo	Cancer
BSS00159	Caco-2	Cancer
BSS00492	HCT116	Cancer
BSS01412	Parathyroid_adenoma_male_adult_(65_years)	Cancer
BSS01411	Parathyroid_adenoma_male_adult_(62_years)	Cancer
BSS01386	NT2_D1	Cancer
BSS01536	RPMI-7951	Cancer
BSS01551	SK-MEL-5	Cancer
BSS00222	COLO829	Cancer
BSS01365	NCI-H929	Cancer
BSS01890	WERI-Rb-1	Cancer
BSS00702	HL-60	Cancer
BSS01356	NB4	Cancer
BSS01391	OCI-LY7	Cancer
BSS01390	OCI-LY3	Cancer
BSS01065	Karpas-422	Cancer
BSS00268	DOHH2	Cancer
BSS01664	SU-DHL-6	Cancer
BSS01389	OCI-LY1	Cancer
BSS01350	NAMALWA	Cancer
BSS01351	NAMALWA_treated_with_Sendai_virus_for_2_hours	Cancer
BSS00491	HAP-1	Cancer
BSS01038	K562_G1_phase	Cancer
BSS01039	K562_G2_phase	Cancer
BSS01056	K562_treated_with_0.05pct_dimethyl_sulfoxide_for_72_hours	Cancer
BSS01057	K562_treated_with_1_mM_vorinostat_for_72_hours	Cancer
BSS01059	K562_treated_with_500_mM_sodium_butyrate_for_72_hours	Cancer
BSS00221	CMK	Cancer
BSS01066	KBM-7	Cancer
BSS01060	K562_treated_with_interferon_alpha_for_30_minutes	Cancer
BSS01061	K562_treated_with_interferon_alpha_for_6_hours	Cancer
BSS01062	K562_treated_with_interferon_gamma_for_30_minutes	Cancer
BSS01063	K562_treated_with_interferon_gamma_for_6_hours	Cancer
BSS00762	K562	Cancer
BSS01104	KMS-11	Cancer
BSS01274	MM.1S	Cancer
BSS01537	RPMI8226	Cancer
BSS00160	Caki2	Cancer
BSS00372	G401	Cancer
BSS00037	ACHN	Cancer
BSS01474	RCC_7860	Cancer
BSS01481	renal_cell_carcinoma	Cancer
BSS00718	HuH-7	Cancer
BSS00719	HuH-7.5	Cancer
BSS00694	HepG2_treated_with_2_mM_pravastatin_for_16_hours	Cancer
BSS00695	HepG2_treated_with_forskolin_and_pyruvate_for_6_hours	Cancer
BSS00558	HepG2	Cancer
BSS01360	NCI-H460	Cancer
BSS01415	PC-9	Cancer
BSS00017	A549_treated_with_100_nM_dexamethasone_for_10_minutes	Cancer
BSS00019	A549_treated_with_100_nM_dexamethasone_for_15_minutes	Cancer
BSS00021	A549_treated_with_100_nM_dexamethasone_for_20_minutes	Cancer
BSS00022	A549_treated_with_100_nM_dexamethasone_for_25_minutes	Cancer
BSS00027	A549_treated_with_100_nM_dexamethasone_for_5_minutes	Cancer
BSS00016	A549_treated_with_100_nM_dexamethasone_for_10_hours	Cancer
BSS00020	A549_treated_with_100_nM_dexamethasone_for_2_hours	Cancer
BSS00023	A549_treated_with_100_nM_dexamethasone_for_3_hours	Cancer
BSS00024	A549_treated_with_100_nM_dexamethasone_for_30_minutes	Cancer
BSS00026	A549_treated_with_100_nM_dexamethasone_for_5_hours	Cancer
BSS00028	A549_treated_with_100_nM_dexamethasone_for_6_hours	Cancer
BSS00029	A549_treated_with_100_nM_dexamethasone_for_7_hours	Cancer
BSS00018	A549_treated_with_100_nM_dexamethasone_for_12_hours	Cancer
BSS00025	A549_treated_with_100_nM_dexamethasone_for_4_hours	Cancer
BSS00030	A549_treated_with_100_nM_dexamethasone_for_8_hours	Cancer
BSS00007	A549	Cancer
BSS00013	A549_treated_with_0.02pct_ethanol_for_1_hour	Cancer
BSS00015	A549_treated_with_100_nM_dexamethasone_for_1_hour	Cancer
BSS01359	NCI-H226	Cancer
BSS00035	A673	Cancer
BSS01549	SJCRH30	Cancer
BSS00036	ACC112	Cancer
BSS01240	MCF-7_treated_with_10_mM_lactate_for_24_hours	Cancer
BSS01243	MCF-7_treated_with_100_nM_estradiol_for_1_hour	Cancer
BSS01244	MCF-7_treated_with_CTCF_shRNA_knockdown	Cancer
BSS01242	MCF-7_treated_with_100_nM_17b-estradiol_for_45_minutes	Cancer
BSS01248	MCF-7_treated_with_vehicle	Cancer
BSS01246	MCF-7_treated_with_serum_starved_media	Cancer
BSS01247	MCF-7_treated_with_serum_stimulated_media	Cancer
BSS01235	MCF-7_originated_from_MCF-7	Cancer
BSS01226	MCF-7	Cancer
BSS01699	T47D	Cancer
BSS01705	T47D_treated_with_10_nM_17b-estradiol_for_30_minutes	Cancer
BSS01702	T47D_treated_with_0.02pct_dimethyl_sulfoxide_for_1_hour	Cancer
BSS00003	8988T	Cancer
BSS01405	Panc1	Cancer
BSS00541	HeLa-S3_treated_with_interferon_alpha_for_4_hours	Cancer
BSS00531	HeLa-S3_G1b_phase	Cancer
BSS00529	HeLa-S3	Cancer
BSS00748	Ishikawa_treated_with_10_nM_17b-estradiol_for_30_minutes	Cancer
BSS00756	Ishikawa_treated_with_600_nM_afimoxifene_for_30_minutes	Cancer
BSS00744	Ishikawa	Cancer
BSS00745	Ishikawa_treated_with_0.02pct_dimethyl_sulfoxide_for_1_hour	Cancer
BSS01174	LNCaP_clone_FGC_treated_with_1_nM_17b-hydroxy-17-methylestra-4,9,11-trien-3-one_for_12_hours	Cancer
BSS01173	LNCaP_clone_FGC	Cancer
BSS01414	PC-3	Cancer
BSS01172	LNCAP	Cancer
BSS01177	LNCAP_treated_with_10_nM_17b-hydroxy-5a-androstan-3-one_for_4_hours	Cancer
BSS00157	C4-2B	Cancer
BSS01888	VCaP	Cancer
BSS00001	22Rv1	Cancer
BSS00002	22Rv1_treated_with_10_nM_17b-hydroxy-5a-androstan-3-one_for_4_hours	Cancer
BSS00709	HT1080	Cancer
BSS00227	colonic_mucosa_female_adult_(56_years)	Digestive
BSS00228	colonic_mucosa_female_adult_(73_years)	Digestive
BSS00271	duodenal_mucosa_male_adult_(76_years)	Digestive
BSS00270	duodenal_mucosa_male_adult_(59_years)	Digestive
BSS00316	esophagus_female_adult_(30_years)	Digestive
BSS00318	esophagus_male_adult_(34_years)	Digestive
BSS00320	esophagus_muscularis_mucosa_female_adult_(51_year)	Digestive
BSS00323	esophagus_muscularis_mucosa_male_adult_(54_years)	Digestive
BSS00322	esophagus_muscularis_mucosa_male_adult_(37_years)	Digestive
BSS00321	esophagus_muscularis_mucosa_female_adult_(53_years)	Digestive
BSS00327	esophagus_squamous_epithelium_male_adult_(54_years)	Digestive
BSS00324	esophagus_squamous_epithelium_female_adult_(51_year)	Digestive
BSS00326	esophagus_squamous_epithelium_male_adult_(37_years)	Digestive
BSS00325	esophagus_squamous_epithelium_female_adult_(53_years)	Digestive
BSS00382	gastroesophageal_sphincter_male_adult_(37_years)	Digestive
BSS00383	gastroesophageal_sphincter_male_adult_(54_years)	Digestive
BSS00380	gastroesophageal_sphincter_female_adult_(51_year)	Digestive
BSS00381	gastroesophageal_sphincter_female_adult_(53_years)	Digestive
BSS01116	large_intestine_female_embryo_(91_day)	Digestive
BSS01117	large_intestine_female_embryo_(98_days)	Digestive
BSS01109	large_intestine_female_embryo_(103_days)	Digestive
BSS01110	large_intestine_female_embryo_(105_days)	Digestive
BSS01111	large_intestine_female_embryo_(107_days)	Digestive
BSS01112	large_intestine_female_embryo_(108_days)	Digestive
BSS01113	large_intestine_female_embryo_(110_days)	Digestive
BSS01114	large_intestine_female_embryo_(120_days)	Digestive
BSS01122	large_intestine_male_embryo_(91_day)	Digestive
BSS01118	large_intestine_male_embryo_(105_days)	Digestive
BSS01120	large_intestine_male_embryo_(113_days)	Digestive
BSS01121	large_intestine_male_embryo_(115_days)	Digestive
BSS01119	large_intestine_male_embryo_(108_days)	Digestive
BSS01425	Peyer_s_patch_female_adult_(51_year)	Digestive
BSS01427	Peyer_s_patch_male_adult_(37_years)	Digestive
BSS01428	Peyer_s_patch_male_adult_(54_years)	Digestive
BSS01426	Peyer_s_patch_female_adult_(53_years)	Digestive
BSS01282	mucosa_of_rectum_female_adult_(50_years)	Digestive
BSS01283	mucosa_of_rectum_female_adult_(61_year)	Digestive
BSS01542	sigmoid_colon_female_adult_(51_year)	Digestive
BSS01546	sigmoid_colon_male_adult_(37_years)	Digestive
BSS01547	sigmoid_colon_male_adult_(54_years)	Digestive
BSS01548	sigmoid_colon_male_child_(3_years)	Digestive
BSS01545	sigmoid_colon_male_adult_(34_years)	Digestive
BSS01543	sigmoid_colon_female_adult_(53_years)	Digestive
BSS01595	small_intestine_female_embryo_(91_day)	Digestive
BSS01596	small_intestine_female_embryo_(98_days)	Digestive
BSS01590	small_intestine_female_embryo_(105_days)	Digestive
BSS01591	small_intestine_female_embryo_(107_days)	Digestive
BSS01592	small_intestine_female_embryo_(108_days)	Digestive
BSS01593	small_intestine_female_embryo_(110_days)	Digestive
BSS01594	small_intestine_female_embryo_(120_days)	Digestive
BSS01603	small_intestine_male_embryo_(87_days)	Digestive
BSS01604	small_intestine_male_embryo_(91_day)	Digestive
BSS01600	small_intestine_male_embryo_(105_days)	Digestive
BSS01602	small_intestine_male_embryo_(115_days)	Digestive
BSS01597	small_intestine_male_adult_(34_years)	Digestive
BSS01599	small_intestine_male_child_(3_years)	Digestive
BSS01588	small_intestine_female_adult_(30_years)	Digestive
BSS01601	small_intestine_male_embryo_(108_days)	Digestive
BSS01637	stomach_female_adult_(30_years)	Digestive
BSS01642	stomach_female_embryo_(105_days)	Digestive
BSS01643	stomach_female_embryo_(107_days)	Digestive
BSS01644	stomach_female_embryo_(108_days)	Digestive
BSS01646	stomach_female_embryo_(121_day)	Digestive
BSS01647	stomach_female_embryo_(147_days)	Digestive
BSS01641	stomach_female_embryo	Digestive
BSS01658	stomach_male_embryo_(91_day)	Digestive
BSS01655	stomach_male_embryo_(108_days)	Digestive
BSS01656	stomach_male_embryo_(127_days)	Digestive
BSS01657	stomach_male_embryo_(58_days)_and_male_embryo_(76_days)	Digestive
BSS01636	stomach_embryo_(101_day)	Digestive
BSS01652	stomach_male_adult_(37_years)	Digestive
BSS01638	stomach_female_adult_(51_year)	Digestive
BSS01650	stomach_female_embryo_(98_days)	Digestive
BSS01653	stomach_male_adult_(54_years)	Digestive
BSS01649	stomach_female_embryo_(96_days)	Digestive
BSS01654	stomach_male_child_(3_years)	Digestive
BSS01651	stomach_male_adult_(34_years)	Digestive
BSS01639	stomach_female_adult_(53_years)	Digestive
BSS01284	mucosa_of_stomach_male_adult_(59_years)	Digestive
BSS01848	transverse_colon_female_adult_(51_year)	Digestive
BSS01851	transverse_colon_male_adult_(54_years)	Digestive
BSS01849	transverse_colon_female_adult_(53_years)	Digestive
BSS01850	transverse_colon_male_adult_(37_years)	Digestive
BSS00282	endocrine_pancreas_male	Endocrine
BSS00283	endocrine_pancreas_male_adult_(45_years)	Endocrine
BSS00284	endocrine_pancreas_male_adult_(46_years)	Endocrine
BSS00281	endocrine_pancreas_adult_(59_years)	Endocrine
BSS01403	ovary_female_embryo	Endocrine
BSS01401	ovary_female_adult_(51_year)	Endocrine
BSS01402	ovary_female_adult_(53_years)	Endocrine
BSS01399	ovary_female_adult_(30_years)	Endocrine
BSS01719	testis_male_embryo	Endocrine
BSS01718	testis_male_adult_(54_years)	Endocrine
BSS01715	testis_male_adult_(37_years)	Endocrine
BSS00052	adrenal_gland_female_embryo_(85_days)	Endocrine
BSS00050	adrenal_gland_female_embryo_(108_days)	Endocrine
BSS00051	adrenal_gland_female_embryo_(113_days)	Endocrine
BSS00059	adrenal_gland_male_embryo_(85_days)	Endocrine
BSS00057	adrenal_gland_male_embryo_(101_day)	Endocrine
BSS00058	adrenal_gland_male_embryo_(108_days)	Endocrine
BSS00045	adrenal_gland_embryo_(96_days)	Endocrine
BSS00046	adrenal_gland_female_adult_(30_years)	Endocrine
BSS00047	adrenal_gland_female_adult_(51_year)	Endocrine
BSS00048	adrenal_gland_female_adult_(53_years)	Endocrine
BSS00054	adrenal_gland_male_adult_(34_years)	Endocrine
BSS00060	adrenal_gland_male_embryo_(97_days)	Endocrine
BSS00055	adrenal_gland_male_adult_(37_years)	Endocrine
BSS00056	adrenal_gland_male_adult_(54_years)	Endocrine
BSS01831	thyroid_gland_female_adult_(51_year)	Endocrine
BSS01834	thyroid_gland_male_adult_(37_years)	Endocrine
BSS01832	thyroid_gland_female_adult_(53_years)	Endocrine
BSS01835	thyroid_gland_male_adult_(54_years)	Endocrine
BSS00143	brain_microvascular_endothelial_cell	Endothelial
BSS00387	glomerular_endothelial_cell	Endothelial
BSS01077	kidney_capillary_endothelial_cell_female_embryo_(113_days)	Endothelial
BSS01206	lung_microvascular_endothelial_cell_female	Endothelial
BSS01465	pulmonary_artery_endothelial_cell_female	Endothelial
BSS00298	endothelial_cell_of_umbilical_vein_newborn	Endothelial
BSS00296	endothelial_cell_of_umbilical_vein_male_newborn	Endothelial
BSS00258	dermis_blood_vessel_endothelial_cell_female_adult	Endothelial
BSS00260	dermis_blood_vessel_endothelial_cell_male_newborn	Endothelial
BSS00262	dermis_microvascular_lymphatic_vessel_endothelial_cell_female	Endothelial
BSS00264	dermis_microvascular_lymphatic_vessel_endothelial_cell_male	Endothelial
BSS00704	HS-27A	Epithelial
BSS00218	choroid_plexus_epithelial_cell	Epithelial
BSS00223	colon_epithelial_cell_line	Epithelial
BSS00307	epithelial_cell_of_esophagus	Epithelial
BSS00743	iris_pigment_epithelial_cell	Epithelial
BSS01385	non-pigmented_ciliary_epithelial_cell	Epithelial
BSS01092	kidney_glomerular_epithelial_cell_male_adult_(43_years)_and_male_adult_(62_years)	Epithelial
BSS00389	glomerular_visceral_epithelial_cell_child_(3_years)	Epithelial
BSS01080	kidney_epithelial_cell	Epithelial
BSS00310	epithelial_cell_of_proximal_tubule	Epithelial
BSS00701	HK-2	Epithelial
BSS01491	renal_cortical_epithelial_cell	Epithelial
BSS01505	retinal_pigment_epithelial_cell	Epithelial
BSS01103	kidney_tubule_cell_female_adult_(80_years)_treated_with_5_mM_cisplatin	Epithelial
BSS01102	kidney_tubule_cell_female_adult_(80_years)_and_male_adult_(62_years)	Epithelial
BSS00153	bronchial_epithelial_cell_female_treated_with_retinoic_acid	Epithelial
BSS00150	bronchial_epithelial_cell	Epithelial
BSS00703	HPDE6-E6E7	Epithelial
BSS00075	amniotic_epithelial_cell	Epithelial
BSS00308	epithelial_cell_of_prostate	Epithelial
BSS00309	epithelial_cell_of_prostate_male	Epithelial
BSS01539	RWPE2	Epithelial
BSS01538	RWPE1	Epithelial
BSS01217	MCF_10A	Epithelial
BSS01224	MCF_10A_treated_with_1_mM_tamoxifen_for_24_hours	Epithelial
BSS01225	MCF_10A_treated_with_1_mM_tamoxifen_for_6_hours	Epithelial
BSS01223	MCF_10A_originated_from_MCF_10A_treated_with_1_mM_afimoxifene_for_36_hours	Epithelial
BSS00356	foreskin_keratinocyte_male_newborn_(2-4_days)_treated_with_1.2_mM_calcium_for_0_days	Epithelial
BSS00357	foreskin_keratinocyte_male_newborn_(2-4_days)_treated_with_1.2_mM_calcium_for_0.5_days	Epithelial
BSS00358	foreskin_keratinocyte_male_newborn_(2-4_days)_treated_with_1.2_mM_calcium_for_1_day	Epithelial
BSS00359	foreskin_keratinocyte_male_newborn_(2-4_days)_treated_with_1.2_mM_calcium_for_1.5_days	Epithelial
BSS00360	foreskin_keratinocyte_male_newborn_(2-4_days)_treated_with_1.2_mM_calcium_for_2_days	Epithelial
BSS00362	foreskin_keratinocyte_male_newborn_(2-4_days)_treated_with_1.2_mM_calcium_for_3_days	Epithelial
BSS00363	foreskin_keratinocyte_male_newborn_(2-4_days)_treated_with_1.2_mM_calcium_for_3.5_days	Epithelial
BSS00364	foreskin_keratinocyte_male_newborn_(2-4_days)_treated_with_1.2_mM_calcium_for_4_days	Epithelial
BSS00365	foreskin_keratinocyte_male_newborn_(2-4_days)_treated_with_1.2_mM_calcium_for_4.5_days	Epithelial
BSS00366	foreskin_keratinocyte_male_newborn_(2-4_days)_treated_with_1.2_mM_calcium_for_5_days	Epithelial
BSS00355	foreskin_keratinocyte_male_newborn_(2-4_days)	Epithelial
BSS00361	foreskin_keratinocyte_male_newborn_(2-4_days)_treated_with_1.2_mM_calcium_for_2.5_days	Epithelial
BSS00367	foreskin_keratinocyte_male_newborn_(2-4_days)_treated_with_1.2_mM_calcium_for_5.5_days	Epithelial
BSS00354	foreskin_keratinocyte_male_newborn	Epithelial
BSS01071	keratinocyte_male	Epithelial
BSS01068	keratinocyte_female	Epithelial
BSS01209	mammary_epithelial_cell_female	Epithelial
BSS01211	mammary_epithelial_cell_female_adult_(18_years)	Epithelial
BSS01213	mammary_epithelial_cell_female_adult_(50_years)	Epithelial
BSS01185	luminal_epithelial_cell_of_mammary_gland_female_adult_(33_years)	Epithelial
BSS01340	myoepithelial_cell_of_mammary_gland_female_adult_(33_years)	Epithelial
BSS01341	myoepithelial_cell_of_mammary_gland_female_adult_(36_years)	Epithelial
BSS01180	lower_leg_skin_female_adult_(51_year)	Epithelial
BSS01183	lower_leg_skin_male_adult_(54_years)	Epithelial
BSS01181	lower_leg_skin_female_adult_(53_years)	Epithelial
BSS01182	lower_leg_skin_male_adult_(37_years)	Epithelial
BSS01587	skin_of_body_female_embryo_(82_days)	Epithelial
BSS01681	suprapubic_skin_male_adult_(54_years)	Epithelial
BSS01678	suprapubic_skin_female_adult_(51_year)	Epithelial
BSS01679	suprapubic_skin_female_adult_(53_years)	Epithelial
BSS00112	bipolar_neuron_originated_from_GM23338_treated_with_0.5_mg_mL_doxycycline_hyclate_for_4_days	ES-deriv
BSS01366	neural_cell_originated_from_H1-hESC	ES-deriv
BSS00272	ecto_neural_progenitor_cell_originated_from_H9	ES-deriv
BSS01372	neural_stem_progenitor_cell_originated_from_H9	ES-deriv
BSS01370	neural_progenitor_cell_originated_from_H9	ES-deriv
BSS01371	neural_stem_progenitor_cell_originated_from_H1-hESC	ES-deriv
BSS01375	neuron_originated_from_H9	ES-deriv
BSS00169	cardiac_mesoderm_originated_from_H7-hESC	ES-deriv
BSS00171	cardiac_muscle_cell_originated_from_RUES2	ES-deriv
BSS00556	hepatocyte_originated_from_H9	ES-deriv
BSS01261	mesenchymal_stem_cell_originated_from_H1-hESC	ES-deriv
BSS01857	trophoblast_cell_originated_from_H1-hESC	ES-deriv
BSS01612	smooth_muscle_cell_originated_from_H9	ES-deriv
BSS00273	ectodermal_cell_originated_from_embryonic_stem_cell	ES-deriv
BSS00285	endodermal_cell	ES-deriv
BSS00287	endodermal_cell_originated_from_HUES64	ES-deriv
BSS01263	mesendoderm_originated_from_H1-hESC	ES-deriv
BSS01264	mesodermal_cell_originated_from_HUES64	ES-deriv
BSS00277	ELF-1	ESC
BSS00315	ES-I3	ESC
BSS01866	UCSF-4	ESC
BSS00483	H7-hESC	ESC
BSS00715	HUES48	ESC
BSS00716	HUES6	ESC
BSS00717	HUES64	ESC
BSS00484	H9	ESC
BSS00478	H1-hESC	ESC
BSS00329	eye_female_embryo_(76_days)	Eye
BSS00328	eye_embryo_(56_days)_and_male_embryo_(76_days)	Eye
BSS01504	retina_female_embryo_(89_days)	Eye
BSS01503	retina_embryo_(74_days)_and_embryo_(85_days)	Eye
BSS01502	retina_embryo_(125_days)_and_male_embryo_(103_days)	Eye
BSS00079	aorta_female_adult_(30_years)	Heart
BSS00080	aorta_male_adult_(34_years)	Heart
BSS00088	ascending_aorta_female_adult_(53_years)	Heart
BSS00087	ascending_aorta_female_adult_(51_year)	Heart
BSS00242	coronary_artery_female_adult_(51_year)	Heart
BSS00243	coronary_artery_female_adult_(53_years)	Heart
BSS00505	heart_female_embryo_(91_day)	Heart
BSS00498	heart_female_embryo_(103_days)	Heart
BSS00499	heart_female_embryo_(105_days)	Heart
BSS00500	heart_female_embryo_(110_days)	Heart
BSS00502	heart_female_embryo_(117_days)	Heart
BSS00503	heart_female_embryo_(147_days)	Heart
BSS00501	heart_female_embryo_(116_days)_and_female_embryo_(98_days)	Heart
BSS00516	heart_male_child_(3_years)	Heart
BSS00522	heart_male_embryo_(96_days)	Heart
BSS00518	heart_male_embryo_(110_days)	Heart
BSS00519	heart_male_embryo_(120_days)	Heart
BSS00514	heart_male_adult_(27_years)_and_male_adult_(35_years)	Heart
BSS00520	heart_male_embryo_(72_days)_and_male_embryo_(76_days)	Heart
BSS00495	heart_embryo_(80_days)	Heart
BSS00496	heart_embryo_(96_days)	Heart
BSS00494	heart_embryo_(59_days)_and_female_embryo_(76_days)	Heart
BSS00521	heart_male_embryo_(91_day)	Heart
BSS00517	heart_male_embryo_(105_days)	Heart
BSS00493	heart_embryo_(101_day)	Heart
BSS01127	left_cardiac_atrium_female_embryo_(101_day)	Heart
BSS00509	heart_left_ventricle_female_embryo_(136_days)	Heart
BSS00508	heart_left_ventricle_female_embryo_(101_day)_and_female_embryo_(103_days)	Heart
BSS00506	heart_left_ventricle_female_adult_(51_year)	Heart
BSS00513	heart_left_ventricle_male_child_(3_years)	Heart
BSS00512	heart_left_ventricle_male_adult_(34_years)	Heart
BSS00507	heart_left_ventricle_female_adult_(53_years)	Heart
BSS01506	right_atrium_auricular_region_female_adult_(51_year)	Heart
BSS01508	right_cardiac_atrium_male_adult_(34_years)	Heart
BSS01507	right_atrium_auricular_region_female_adult_(53_years)	Heart
BSS00523	heart_right_ventricle_female_embryo_(101_day)_and_female_embryo_(103_days)	Heart
BSS00524	heart_right_ventricle_male_adult_(34_years)	Heart
BSS00525	heart_right_ventricle_male_child_(3_years)	Heart
BSS01815	thoracic_aorta_male_adult_(54_years)	Heart
BSS01814	thoracic_aorta_male_adult_(37_years)	Heart
BSS01839	tibial_artery_male_adult_(54_years)	Heart
BSS01838	tibial_artery_male_adult_(37_years)	Heart
BSS01837	tibial_artery_female_adult_(53_years)	Heart
BSS00097	B_cell_female_adult_(34_years)	HSC & B-cell
BSS01345	naive_B_cell	HSC & B-cell
BSS00098	B_cell_female_adult_(43_years)	HSC & B-cell
BSS00093	B_cell	HSC & B-cell
BSS00096	B_cell_female_adult_(27_years)_and_female_adult_(43_years)	HSC & B-cell
BSS00100	B_cell_male_adult_(21_year)	HSC & B-cell
BSS00101	B_cell_male_adult_(37_years)	HSC & B-cell
BSS00095	B_cell_female_adult_(27_years)	HSC & B-cell
BSS00179	CD14-positive_monocyte_female_adult_(34_years)	HSC & B-cell
BSS00181	CD14-positive_monocyte_male_adult_(37_years)	HSC & B-cell
BSS00180	CD14-positive_monocyte_male_adult_(21_year)	HSC & B-cell
BSS00178	CD14-positive_monocyte_female	HSC & B-cell
BSS00182	CD1c-positive_myeloid_dendritic_cell	HSC & B-cell
BSS00233	common_myeloid_progenitor,_CD34-positive_female_adult_(50_years)	HSC & B-cell
BSS00230	common_myeloid_progenitor,_CD34-positive_female	HSC & B-cell
BSS00236	common_myeloid_progenitor,_CD34-positive_male_adult_(23_years)	HSC & B-cell
BSS00238	common_myeloid_progenitor,_CD34-positive_male_adult_(37_years)	HSC & B-cell
BSS00240	common_myeloid_progenitor,_CD34-positive_male_adult_(43_years)	HSC & B-cell
BSS00241	common_myeloid_progenitor,_CD34-positive_male_adult_(49_years)	HSC & B-cell
BSS00234	common_myeloid_progenitor,_CD34-positive_male	HSC & B-cell
BSS00235	common_myeloid_progenitor,_CD34-positive_male_adult	HSC & B-cell
BSS00229	common_myeloid_progenitor,_CD34-positive	HSC & B-cell
BSS00237	common_myeloid_progenitor,_CD34-positive_male_adult_(36_years)	HSC & B-cell
BSS00239	common_myeloid_progenitor,_CD34-positive_male_adult_(42_years)	HSC & B-cell
BSS00231	common_myeloid_progenitor,_CD34-positive_female_adult_(27_years)	HSC & B-cell
BSS00232	common_myeloid_progenitor,_CD34-positive_female_adult_(33_years)	HSC & B-cell
BSS00313	erythroblast_male	HSC & B-cell
BSS00384	germinal_center	HSC & B-cell
BSS00760	Jurkat_clone_E61	HSC & B-cell
BSS00544	hematopoietic_multipotent_progenitor_cell_male_adult_(25_years)_treated_with_erythropoietin_for_20_days,_hydrocortisone_succinate_for_20_days,_kit_ligand_for_20_days,_interleukin-3_for_20_days	HSC & B-cell
BSS00545	hematopoietic_multipotent_progenitor_cell_treated_with_interleukin-3_for_11_day,_kit_ligand_for_11_day,_hydrocortisone_succinate_for_11_day,_erythropoietin_for_11_day	HSC & B-cell
BSS00546	hematopoietic_multipotent_progenitor_cell_treated_with_interleukin-3_for_13_days,_kit_ligand_for_13_days,_hydrocortisone_succinate_for_13_days,_erythropoietin_for_13_days	HSC & B-cell
BSS00547	hematopoietic_multipotent_progenitor_cell_treated_with_interleukin-3_for_15_days,_kit_ligand_for_15_days,_hydrocortisone_succinate_for_15_days,_erythropoietin_for_15_days	HSC & B-cell
BSS00548	hematopoietic_multipotent_progenitor_cell_treated_with_interleukin-3_for_17_days,_kit_ligand_for_17_days,_hydrocortisone_succinate_for_17_days,_erythropoietin_for_17_days	HSC & B-cell
BSS00549	hematopoietic_multipotent_progenitor_cell_treated_with_interleukin-3_for_18_days,_kit_ligand_for_18_days,_hydrocortisone_succinate_for_18_days,_erythropoietin_for_18_days	HSC & B-cell
BSS00550	hematopoietic_multipotent_progenitor_cell_treated_with_interleukin-3_for_4_days,_kit_ligand_for_4_days,_hydrocortisone_succinate_for_4_days,_erythropoietin_for_4_days	HSC & B-cell
BSS00551	hematopoietic_multipotent_progenitor_cell_treated_with_interleukin-3_for_6_days,_kit_ligand_for_6_days,_hydrocortisone_succinate_for_6_days,_erythropoietin_for_6_days	HSC & B-cell
BSS00552	hematopoietic_multipotent_progenitor_cell_treated_with_interleukin-3_for_8_days,_kit_ligand_for_8_days,_hydrocortisone_succinate_for_8_days,_erythropoietin_for_8_days	HSC & B-cell
BSS00543	hematopoietic_multipotent_progenitor_cell	HSC & B-cell
BSS01381	neutrophil_male	HSC & B-cell
BSS01380	neutrophil	HSC & B-cell
BSS01353	natural_killer_cell_female_adult_(34_years)	HSC & B-cell
BSS01355	natural_killer_cell_male_adult_(37_years)	HSC & B-cell
BSS01354	natural_killer_cell_male_adult_(21_year)	HSC & B-cell
BSS00742	iPS-NIHi7_female_adult_(85_years)_originated_from_AG08395	iPSC
BSS00735	iPS-11a_male_adult_(36_years)	iPSC
BSS00741	iPS-NIHi11_male_adult_(71_year)_originated_from_AG20443	iPSC
BSS00732	iPS_DF_19.7_male_newborn	iPSC
BSS00733	iPS_DF_4.7_male_newborn	iPSC
BSS00244	CWRU1_male	iPSC
BSS01107	L1-S8	iPSC
BSS01108	L1-S8R	iPSC
BSS00738	iPS-18c_female_adult_(48_years)	iPSC
BSS00736	iPS-15b_female_adult_(48_years)	iPSC
BSS00737	iPS-18a_female_adult_(48_years)	iPSC
BSS00739	iPS-20b_male_adult_(55_years)	iPSC
BSS00731	iPS_DF_19.11_male_newborn	iPSC
BSS00734	iPS_DF_6.9_male_newborn	iPSC
BSS00477	GM23338_male_adult_(53_years)_originated_from_GM23248	iPSC
BSS01091	kidney_female_embryo_(85_days)	Kidney
BSS01132	left_kidney_female_embryo_(87_days)	Kidney
BSS01512	right_kidney_female_embryo_(87_days)	Kidney
BSS01133	left_kidney_female_embryo_(98_days)	Kidney
BSS01513	right_kidney_female_embryo_(98_days)	Kidney
BSS01084	kidney_female_embryo_(105_days)	Kidney
BSS01128	left_kidney_female_embryo_(107_days)	Kidney
BSS01509	right_kidney_female_embryo_(107_days)	Kidney
BSS01085	kidney_female_embryo_(108_days)	Kidney
BSS01129	left_kidney_female_embryo_(110_days)	Kidney
BSS01086	kidney_female_embryo_(113_days)	Kidney
BSS01510	right_kidney_female_embryo_(117_days)	Kidney
BSS01089	kidney_female_embryo_(121_day)	Kidney
BSS01130	left_kidney_female_embryo_(147_days)	Kidney
BSS01511	right_kidney_female_embryo_(147_days)	Kidney
BSS01090	kidney_female_embryo_(76_days)_and_male_embryo_(76_days)	Kidney
BSS01078	kidney_embryo_(59_days)_and_female_embryo_(59_days)	Kidney
BSS01100	kidney_male_embryo_(85_days)	Kidney
BSS01101	kidney_male_embryo_(87_days)	Kidney
BSS01135	left_kidney_male_embryo_(87_days)	Kidney
BSS01516	right_kidney_male_embryo_(87_days)	Kidney
BSS01517	right_kidney_male_embryo_(91_day)	Kidney
BSS01136	left_kidney_male_embryo_(96_days)	Kidney
BSS01518	right_kidney_male_embryo_(96_days)	Kidney
BSS01099	kidney_male_embryo_(105_days)	Kidney
BSS01514	right_kidney_male_embryo_(108_days)	Kidney
BSS01134	left_kidney_male_embryo_(115_days)	Kidney
BSS01515	right_kidney_male_embryo_(115_days)	Kidney
BSS01131	left_kidney_female_embryo_(59_days)_and_male_embryo_(91_day)	Kidney
BSS01079	kidney_embryo_(80_days)	Kidney
BSS01093	kidney_male_adult_(22_years)_and_male_adult_(27_years)_and_male_adult_(35_years)	Kidney
BSS01096	kidney_male_adult_(50_years)	Kidney
BSS01097	kidney_male_adult_(67_years)	Kidney
BSS01088	kidney_female_embryo_(120_days)	Kidney
BSS00528	HEK293T	Kidney
BSS00526	HEK293	Kidney
BSS01484	renal_cortex_interstitium_female_embryo_(89_days)	Kidney
BSS01485	renal_cortex_interstitium_female_embryo_(96_days)	Kidney
BSS01482	renal_cortex_interstitium_female_embryo_(103_days)	Kidney
BSS01483	renal_cortex_interstitium_female_embryo_(120_days)	Kidney
BSS01489	renal_cortex_interstitium_male_embryo_(91_day)	Kidney
BSS01490	renal_cortex_interstitium_male_embryo_(97_days)	Kidney
BSS01150	left_renal_cortex_interstitium_male_embryo_(105_days)	Kidney
BSS01531	right_renal_cortex_interstitium_male_embryo_(105_days)	Kidney
BSS01486	renal_cortex_interstitium_male_embryo_(108_days)	Kidney
BSS01487	renal_cortex_interstitium_male_embryo_(113_days)	Kidney
BSS01151	left_renal_cortex_interstitium_male_embryo_(120_days)	Kidney
BSS01532	right_renal_cortex_interstitium_male_embryo_(120_days)	Kidney
BSS01488	renal_cortex_interstitium_male_embryo_(127_days)	Kidney
BSS01495	renal_pelvis_female_embryo_(89_days)	Kidney
BSS01496	renal_pelvis_female_embryo_(96_days)	Kidney
BSS01493	renal_pelvis_female_embryo_(103_days)	Kidney
BSS01494	renal_pelvis_female_embryo_(105_days)	Kidney
BSS01500	renal_pelvis_male_embryo_(91_day)	Kidney
BSS01501	renal_pelvis_male_embryo_(97_days)	Kidney
BSS01152	left_renal_pelvis_male_embryo_(105_days)	Kidney
BSS01533	right_renal_pelvis_male_embryo_(105_days)	Kidney
BSS01497	renal_pelvis_male_embryo_(108_days)	Kidney
BSS01498	renal_pelvis_male_embryo_(113_days)	Kidney
BSS01153	left_renal_pelvis_male_embryo_(120_days)	Kidney
BSS01534	right_renal_pelvis_male_embryo_(120_days)	Kidney
BSS01499	renal_pelvis_male_embryo_(127_days)	Kidney
BSS00553	hepatic_stellate_cell_female_adult_(59_years)	Liver
BSS00554	hepatocyte	Liver
BSS00511	liver_male_adult_(32 years)	Liver
BSS01164	liver_female_embryo_(101_day)_and_female_embryo_(113_days)	Liver
BSS01161	liver_female_child_(4_years)	Liver
BSS01163	liver_female_child_(6_years)_and_male_adult_(32_years)	Liver
BSS01170	liver_male_adult_(78_years)	Liver
BSS01169	liver_male_adult_(32_years)	Liver
BSS01159	liver_female_adult_(25_years)	Liver
BSS01168	liver_male_adult_(31_year)	Liver
BSS01519	right_lobe_of_liver_female_adult_(53_years)	Liver
BSS01158	liver_embryo_(59_days)_and_embryo_(80_days)	Liver
BSS01195	lung_female_embryo_(76_days)	Lung
BSS01142	left_lung_female_embryo_(91_day)	Lung
BSS01525	right_lung_female_embryo_(91_day)	Lung
BSS01143	left_lung_female_embryo_(98_days)	Lung
BSS01526	right_lung_female_embryo_(98_days)	Lung
BSS01137	left_lung_female_embryo_(105_days)	Lung
BSS01520	right_lung_female_embryo_(105_days)	Lung
BSS01138	left_lung_female_embryo_(107_days)	Lung
BSS01521	right_lung_female_embryo_(107_days)	Lung
BSS01139	left_lung_female_embryo_(108_days)	Lung
BSS01192	lung_female_embryo_(108_days)	Lung
BSS01522	right_lung_female_embryo_(108_days)	Lung
BSS01140	left_lung_female_embryo_(110_days)	Lung
BSS01523	right_lung_female_embryo_(110_days)	Lung
BSS01141	left_lung_female_embryo_(117_days)	Lung
BSS01524	right_lung_female_embryo_(117_days)	Lung
BSS01205	lung_male_embryo_(82_days)	Lung
BSS01147	left_lung_male_embryo_(87_days)	Lung
BSS01529	right_lung_male_embryo_(87_days)	Lung
BSS01148	left_lung_male_embryo_(91_day)	Lung
BSS01149	left_lung_male_embryo_(96_days)	Lung
BSS01530	right_lung_male_embryo_(96_days)	Lung
BSS01202	lung_male_embryo_(103_days)	Lung
BSS01144	left_lung_male_embryo_(105_days)	Lung
BSS01527	right_lung_male_embryo_(105_days)	Lung
BSS01203	lung_male_embryo_(108_days)	Lung
BSS01145	left_lung_male_embryo_(113_days)	Lung
BSS01146	left_lung_male_embryo_(115_days)	Lung
BSS01528	right_lung_male_embryo_(115_days)	Lung
BSS01204	lung_male_embryo_(54_days)_and_male_embryo_(58_days)	Lung
BSS01189	lung_embryo_(80_days)_and_male_embryo_(76_days)	Lung
BSS01188	lung_embryo_(67_days)	Lung
BSS01187	lung_embryo_(112_days)	Lung
BSS01199	lung_male_adult_(27_years)_and_male_adult_(35_years)	Lung
BSS01198	lung_female_embryo_(96_days)	Lung
BSS01186	lung_embryo_(101_day)	Lung
BSS01872	upper_lobe_of_left_lung_male_adult_(54_years)	Lung
BSS01869	upper_lobe_of_left_lung_female_adult_(51_year)	Lung
BSS01196	lung_female_embryo_(82_days)	Lung
BSS01197	lung_female_embryo_(85_days)	Lung
BSS01871	upper_lobe_of_left_lung_male_adult_(37_years)	Lung
BSS01201	lung_male_child_(3_years)	Lung
BSS01190	lung_female_adult_(30_years)	Lung
BSS01870	upper_lobe_of_left_lung_female_adult_(53_years)	Lung
BSS01193	lung_female_embryo_(120_days)	Lung
BSS00403	GM08714	Lymphoblastoid
BSS00406	GM10847	Lymphoblastoid
BSS00430	GM12867	Lymphoblastoid
BSS00431	GM12868	Lymphoblastoid
BSS00432	GM12869	Lymphoblastoid
BSS00436	GM12873	Lymphoblastoid
BSS00460	GM18505	Lymphoblastoid
BSS00463	GM18526	Lymphoblastoid
BSS00465	GM18951	Lymphoblastoid
BSS00467	GM19099	Lymphoblastoid
BSS00469	GM19193	Lymphoblastoid
BSS00408	GM12801	Lymphoblastoid
BSS00433	GM12870	Lymphoblastoid
BSS00434	GM12871	Lymphoblastoid
BSS00435	GM12872	Lymphoblastoid
BSS00437	GM12874	Lymphoblastoid
BSS00462	GM18507	Lymphoblastoid
BSS00458	GM15510	Lymphoblastoid
BSS01473	Raji	Lymphoblastoid
BSS00456	GM13976	Lymphoblastoid
BSS00457	GM13977	Lymphoblastoid
BSS00438	GM12875	Lymphoblastoid
BSS00473	GM19240	Lymphoblastoid
BSS00471	GM19238	Lymphoblastoid
BSS00474	GM20000	Lymphoblastoid
BSS00404	GM10248	Lymphoblastoid
BSS00405	GM10266	Lymphoblastoid
BSS00429	GM12866	Lymphoblastoid
BSS00472	GM19239	Lymphoblastoid
BSS00428	GM12865	Lymphoblastoid
BSS00454	GM12892	Lymphoblastoid
BSS00427	GM12864	Lymphoblastoid
BSS00452	GM12891	Lymphoblastoid
BSS00395	GM06990	Lymphoblastoid
BSS00439	GM12878	Lymphoblastoid
BSS00039	adipocyte_originated_from_mesenchymal_stem_cell	Mesench
BSS00250	dedifferentiated_amniotic_fluid_mesenchymal_stem_cell	Mesench
BSS00279	embryonic_facial_prominence_embryo_(53_days)_and_embryo_(58_days)	Mesench
BSS01260	mesenchymal_stem_cell_originated_from_adipose_tissue	Mesench
BSS01293	muscle_of_arm_female_embryo_(85_days)	Muscle
BSS01294	muscle_of_arm_female_embryo_(98_days)	Muscle
BSS01290	muscle_of_arm_female_embryo_(105_days)	Muscle
BSS00352	forelimb_muscle_female_embryo_(108_days)	Muscle
BSS01291	muscle_of_arm_female_embryo_(115_days)	Muscle
BSS01292	muscle_of_arm_female_embryo_(120_days)	Muscle
BSS01303	muscle_of_arm_male_embryo_(96_days)	Muscle
BSS01304	muscle_of_arm_male_embryo_(97_days)	Muscle
BSS01295	muscle_of_arm_male_embryo_(101_day)	Muscle
BSS01296	muscle_of_arm_male_embryo_(104_days)	Muscle
BSS01297	muscle_of_arm_male_embryo_(105_days)	Muscle
BSS01298	muscle_of_arm_male_embryo_(113_days)	Muscle
BSS01299	muscle_of_arm_male_embryo_(115_days)	Muscle
BSS01300	muscle_of_arm_male_embryo_(120_days)	Muscle
BSS01301	muscle_of_arm_male_embryo_(127_days)	Muscle
BSS01289	muscle_of_arm_embryo_(101_day)	Muscle
BSS01308	muscle_of_back_female_embryo_(85_days)	Muscle
BSS01309	muscle_of_back_female_embryo_(98_days)	Muscle
BSS01305	muscle_of_back_female_embryo_(105_days)	Muscle
BSS01306	muscle_of_back_female_embryo_(113_days)	Muscle
BSS01307	muscle_of_back_female_embryo_(115_days)	Muscle
BSS01315	muscle_of_back_male_embryo_(91_day)	Muscle
BSS01316	muscle_of_back_male_embryo_(96_days)	Muscle
BSS01317	muscle_of_back_male_embryo_(97_days)	Muscle
BSS01310	muscle_of_back_male_embryo_(101_day)	Muscle
BSS01311	muscle_of_back_male_embryo_(104_days)	Muscle
BSS01312	muscle_of_back_male_embryo_(105_days)	Muscle
BSS01313	muscle_of_back_male_embryo_(108_days)	Muscle
BSS01314	muscle_of_back_male_embryo_(127_days)	Muscle
BSS00170	cardiac_muscle_cell	Muscle
BSS00376	gastrocnemius_medialis_female_adult_(51_year)	Muscle
BSS00378	gastrocnemius_medialis_male_adult_(37_years)	Muscle
BSS00377	gastrocnemius_medialis_female_adult_(53_years)	Muscle
BSS00379	gastrocnemius_medialis_male_adult_(54_years)	Muscle
BSS01322	muscle_of_leg_female_embryo_(85_days)	Muscle
BSS01318	muscle_of_leg_female_embryo_(105_days)	Muscle
BSS01320	muscle_of_leg_female_embryo_(113_days)	Muscle
BSS01321	muscle_of_leg_female_embryo_(115_days)	Muscle
BSS01329	muscle_of_leg_male_embryo_(96_days)	Muscle
BSS01330	muscle_of_leg_male_embryo_(97_days)	Muscle
BSS01323	muscle_of_leg_male_embryo_(101_day)	Muscle
BSS01324	muscle_of_leg_male_embryo_(104_days)	Muscle
BSS01325	muscle_of_leg_male_embryo_(105_days)	Muscle
BSS01327	muscle_of_leg_male_embryo_(115_days)	Muscle
BSS00700	hindlimb_muscle_male_embryo_(120_days)	Muscle
BSS01328	muscle_of_leg_male_embryo_(127_days)	Muscle
BSS01319	muscle_of_leg_female_embryo_(110_days)	Muscle
BSS01460	psoas_muscle_female_adult_(30_years)	Muscle
BSS01461	psoas_muscle_male_adult_(27_years)_and_male_adult_(35_years)	Muscle
BSS01462	psoas_muscle_male_adult_(34_years)	Muscle
BSS01463	psoas_muscle_male_child_(3_years)	Muscle
BSS01581	skeletal_muscle_tissue_male_adult_(54_years)	Muscle
BSS01577	skeletal_muscle_tissue	Muscle
BSS01578	skeletal_muscle_tissue_female_adult_(72_years)	Muscle
BSS01572	skeletal_muscle_cell	Muscle
BSS01845	tongue_female_embryo_(59_days)_and_female_embryo_(76_days)	Muscle
BSS01846	tongue_male_embryo_(72_days)	Muscle
BSS01331	muscle_of_trunk_female_embryo_(113_days)	Muscle
BSS01333	muscle_of_trunk_female_embryo_(120_days)	Muscle
BSS01334	muscle_of_trunk_female_embryo_(121_day)	Muscle
BSS01332	muscle_of_trunk_female_embryo_(115_days)	Muscle
BSS01338	myocyte_originated_from_LHCN-M2	Myosat
BSS01344	myotube_originated_from_skeletal_muscle_myoblast	Myosat
BSS01155	LHCN-M2	Myosat
BSS01573	skeletal_muscle_myoblast	Myosat
BSS01574	skeletal_muscle_myoblast_male_adult_(22_years)	Myosat
BSS01576	skeletal_muscle_satellite_cell_female_adult_originated_from_mesodermal_cell	Myosat
BSS01378	neurosphere_female_embryo_(17_weeks)_originated_from_cortex	Neurosph
BSS01379	neurosphere_female_embryo_(17_weeks)_originated_from_ganglionic_eminence	Neurosph
BSS01377	neurosphere_embryo_(15_weeks)_originated_from_ganglionic_eminence	Neurosph
BSS01392	olfactory_neurosphere_cell_line	Neurosph
BSS00148	breast_epithelium_male_adult_(54_years)	Other
BSS00145	breast_epithelium_female_adult_(51_year)	Other
BSS00146	breast_epithelium_female_adult_(53_years)	Other
BSS00304	epidermal_melanocyte	Other
BSS00368	foreskin_melanocyte_male_newborn	Other
BSS01156	limb_embryo_(53_days)_and_embryo_(56_days)	Other
BSS01157	limb_embryo_(58_days)_and_embryo_(59_days)	Other
BSS01216	mammary_stem_cell	Other
BSS00121	body_of_pancreas_female_adult_(51_year)	Pancreas
BSS00122	body_of_pancreas_female_adult_(53_years)	Pancreas
BSS00123	body_of_pancreas_male_adult_(37_years)	Pancreas
BSS00124	body_of_pancreas_male_adult_(54_years)	Pancreas
BSS00758	islet_precursor_cell	Pancreas
BSS01408	pancreas_male_adult_(54_years)_and_male_adult_(60_years)	Pancreas
BSS01406	pancreas_female_adult_(30_years)	Pancreas
BSS01407	pancreas_male_adult_(34_years)	Pancreas
BSS00074	amnion_male_embryo_(16_weeks)	Placenta & EEM
BSS00076	amniotic_stem_cell	Placenta & EEM
BSS00209	chorion	Placenta & EEM
BSS00211	chorion_female_embryo_(40_weeks)	Placenta & EEM
BSS00212	chorion_male_embryo_(16_weeks)	Placenta & EEM
BSS00215	chorionic_villus_female_embryo_(40_weeks)	Placenta & EEM
BSS00216	chorionic_villus_male_embryo_(16_weeks)	Placenta & EEM
BSS00217	chorionic_villus_male_embryo_(38_weeks)	Placenta & EEM
BSS00214	chorionic_villus_embryo_(16_weeks)	Placenta & EEM
BSS01440	placenta_female_embryo_(85_days)	Placenta & EEM
BSS01436	placenta_female_embryo_(105_days)	Placenta & EEM
BSS01437	placenta_female_embryo_(108_days)	Placenta & EEM
BSS01435	placenta_female_embryo_(101_day)_and_male_embryo_(105_days)	Placenta & EEM
BSS01443	placenta_male_embryo_(85_days)	Placenta & EEM
BSS01444	placenta_male_embryo_(91_day)	Placenta & EEM
BSS01433	placenta_embryo_(56_days)_and_embryo_(59_days)	Placenta & EEM
BSS01432	placenta_embryo_(53_days)	Placenta & EEM
BSS01430	placenta_embryo_(102_days)	Placenta & EEM
BSS01448	placental_basal_plate_male_embryo_(38_weeks)	Placenta & EEM
BSS01446	placental_basal_plate_female_embryo_(40_weeks)	Placenta & EEM
BSS01441	placenta_male_embryo_(16_weeks)	Placenta & EEM
BSS01431	placenta_embryo_(16_weeks)	Placenta & EEM
BSS01438	placenta_female_embryo_(113_days)	Placenta & EEM
BSS00714	HTR-8_SVneo	Placenta & EEM
BSS01856	trophoblast_cell_embryo_(39_weeks)_and_embryo_(40_weeks)	Placenta & EEM
BSS01853	trophoblast_cell_embryo_(21_week)	Placenta & EEM
BSS01855	trophoblast_cell_embryo_(23_weeks)	Placenta & EEM
BSS01852	trophoblast_cell_embryo_(17_weeks)_and_embryo_(18_weeks)	Placenta & EEM
BSS01859	trophoblast_female_embryo_(20_weeks)	Placenta & EEM
BSS01860	trophoblast_female_embryo_(40_weeks)	Placenta & EEM
BSS01867	umbilical_cord_embryo_(59_days)_and_male_embryo_(76_days)	Placenta & EEM
BSS01618	spinal_cord_female_embryo_(87_days)	PNS
BSS01619	spinal_cord_female_embryo_(89_days)	PNS
BSS01617	spinal_cord_female_embryo_(59_days)_and_male_embryo_(72_days)	PNS
BSS01621	spinal_cord_male_embryo_(96_days)	PNS
BSS01620	spinal_cord_male_embryo_(105_days)	PNS
BSS01614	spinal_cord_female_embryo_(113_days)	PNS
BSS01613	spinal_cord_female_embryo_(108_days)	PNS
BSS01842	tibial_nerve_male_adult_(37_years)	PNS
BSS01840	tibial_nerve_female_adult_(51_year)	PNS
BSS01841	tibial_nerve_female_adult_(53_years)	PNS
BSS01456	prostate_gland_male_adult_(37_years)	Reproductive
BSS01457	prostate_gland_male_adult_(54_years)	Reproductive
BSS01459	prostate_male_adult_(54_years)	Reproductive
BSS01883	uterus_female_adult_(51_year)	Reproductive
BSS01884	uterus_female_adult_(53_years)	Reproductive
BSS01886	vagina_female_adult_(51_year)	Reproductive
BSS01887	vagina_female_adult_(53_years)	Reproductive
BSS01606	smooth_muscle_cell_of_the_brain_vasculature_female	Sm. Muscle
BSS01285	muscle_layer_of_colon_female_adult_(56_years)	Sm. Muscle
BSS01286	muscle_layer_of_colon_female_adult_(77_years)	Sm. Muscle
BSS01288	muscle_layer_of_duodenum_male_adult_(73_years)	Sm. Muscle
BSS01287	muscle_layer_of_duodenum_male_adult_(59_years)	Sm. Muscle
BSS01475	rectal_smooth_muscle_tissue_female_adult_(50_years)	Sm. Muscle
BSS01660	stomach_smooth_muscle_male_adult_(59_years)	Sm. Muscle
BSS01659	stomach_smooth_muscle_female_adult_(84_years)	Sm. Muscle
BSS01627	spleen_female_adult_(20_years)_and_female_adult_(30_years)	Spleen
BSS01625	spleen_embryo_(112_days)	Spleen
BSS01632	spleen_male_adult_(37_years)	Spleen
BSS01628	spleen_female_adult_(30_years)	Spleen
BSS01629	spleen_female_adult_(51_year)	Spleen
BSS01633	spleen_male_adult_(54_years)	Spleen
BSS01634	spleen_male_child_(3_years)	Spleen
BSS01631	spleen_male_adult_(34_years)	Spleen
BSS01630	spleen_female_adult_(53_years)	Spleen
BSS01661	stromal_cell_of_bone_marrow_male	Stromal
BSS00144	brain_pericyte	Stromal
BSS00349	fibroblast_of_the_conjunctiva	Stromal
BSS00347	fibroblast_of_the_aortic_adventitia_female	Stromal
BSS00168	cardiac_fibroblast_female_embryo_(94_days)_and_female_embryo_(98_days)	Stromal
BSS00166	cardiac_fibroblast	Stromal
BSS00167	cardiac_fibroblast_female	Stromal
BSS00064	AG08396	Stromal
BSS01891	WI38	Stromal
BSS00342	fibroblast_of_lung_male_adult_(45_years)	Stromal
BSS00339	fibroblast_of_lung	Stromal
BSS00062	AG04450	Stromal
BSS00341	fibroblast_of_lung_female_child_(11_year)_and_male_adult_(45_years)	Stromal
BSS00720	IMR-90	Stromal
BSS00345	fibroblast_of_pulmonary_artery	Stromal
BSS00338	fibroblast_of_gingiva	Stromal
BSS00067	AG09319	Stromal
BSS00344	fibroblast_of_peridontal_ligament_male	Stromal
BSS00350	fibroblast_of_villous_mesenchyme	Stromal
BSS00332	fibroblast_of_breast_female_adult_(17_years)	Stromal
BSS00333	fibroblast_of_breast_female_adult_(26_years)	Stromal
BSS00335	fibroblast_of_dermis_female_adult	Stromal
BSS00334	fibroblast_of_dermis	Stromal
BSS00337	fibroblast_of_dermis_NONE_and_female_adult	Stromal
BSS00697	HFF-Myc_originated_from_foreskin_fibroblast	Stromal
BSS00353	foreskin_fibroblast_male_newborn	Stromal
BSS00343	fibroblast_of_mammary_gland_female	Stromal
BSS00275	EH	Stromal
BSS00276	EL	Stromal
BSS00393	GM04503	Stromal
BSS00394	GM04504	Stromal
BSS00063	AG08395	Stromal
BSS00069	AG20443	Stromal
BSS00346	fibroblast_of_skin_of_abdomen_male_embryo_(97_days)	Stromal
BSS01583	skin_fibroblast_male_embryo_(97_days)	Stromal
BSS00278	ELR	Stromal
BSS00390	GM03348	Stromal
BSS00066	AG09309	Stromal
BSS00061	AG04449	Stromal
BSS00068	AG10803	Stromal
BSS00476	GM23248	Stromal
BSS00113	BJ	Stromal
BSS01824	thymus_female_embryo_(98_days)	Thymus
BSS01819	thymus_female_embryo_(105_days)	Thymus
BSS01821	thymus_female_embryo_(113_days)	Thymus
BSS01823	thymus_female_embryo_(147_days)	Thymus
BSS01818	thymus_female_embryo	Thymus
BSS01826	thymus_male_embryo_(104_days)	Thymus
BSS01827	thymus_male_embryo_(108_days)	Thymus
BSS01828	thymus_male_embryo_(113_days)	Thymus
BSS01829	thymus_male_embryo_(127_days)	Thymus
BSS01820	thymus_female_embryo_(110_days)	Thymus
BSS01825	thymus_male_child_(3_years)	Thymus
BSS01878	urinary_bladder_male_embryo_(76_days)	Urinary
BSS01876	urinary_bladder_male_adult_(34_years)	Urinary
BSS01879	urothelium_cell_line	Urinary
BSS01880	urothelium_cell_line_treated_with_UT189_for_1_hour	Urinary